date,subject_area,count
2020,Psychiatric Mental Health,1
2019,Psychiatric Mental Health,1
2018,Psychiatric Mental Health,0
2022,Psychiatric Mental Health,1
2023,Psychiatric Mental Health,1
2021,Psychiatric Mental Health,2
2020,Numerical Analysis,1
2019,Numerical Analysis,1
2018,Numerical Analysis,4
2022,Numerical Analysis,7
2023,Numerical Analysis,3
2021,Numerical Analysis,1
2020,Archeology,5
2019,Archeology,3
2018,Archeology,1
2022,Archeology,1
2023,Archeology,3
2021,Archeology,2
2020,Religious Studies,3
2019,Religious Studies,1
2018,Religious Studies,2
2022,Religious Studies,10
2023,Religious Studies,4
2021,Religious Studies,6
2020,"Business, Management and Accounting (miscellaneous)",11
2019,"Business, Management and Accounting (miscellaneous)",6
2018,"Business, Management and Accounting (miscellaneous)",6
2022,"Business, Management and Accounting (miscellaneous)",10
2023,"Business, Management and Accounting (miscellaneous)",7
2021,"Business, Management and Accounting (miscellaneous)",8
2020,Spectroscopy,34
2019,Spectroscopy,35
2018,Spectroscopy,28
2022,Spectroscopy,55
2023,Spectroscopy,48
2021,Spectroscopy,39
2020,"Statistics, Probability and Uncertainty",12
2019,"Statistics, Probability and Uncertainty",2
2018,"Statistics, Probability and Uncertainty",1
2022,"Statistics, Probability and Uncertainty",13
2023,"Statistics, Probability and Uncertainty",8
2021,"Statistics, Probability and Uncertainty",5
2020,Linguistics and Language,24
2019,Linguistics and Language,17
2018,Linguistics and Language,8
2022,Linguistics and Language,34
2023,Linguistics and Language,20
2021,Linguistics and Language,31
2020,Signal Processing,19
2019,Signal Processing,35
2018,Signal Processing,25
2022,Signal Processing,43
2023,Signal Processing,26
2021,Signal Processing,20
2020,Political Science and International Relations,11
2019,Political Science and International Relations,13
2018,Political Science and International Relations,7
2022,Political Science and International Relations,10
2023,Political Science and International Relations,10
2021,Political Science and International Relations,11
2020,Veterinary (all),73
2019,Veterinary (all),73
2018,Veterinary (all),94
2022,Veterinary (all),122
2023,Veterinary (all),49
2021,Veterinary (all),96
2020,Orthodontics,4
2019,Orthodontics,4
2018,Orthodontics,6
2022,Orthodontics,8
2023,Orthodontics,4
2021,Orthodontics,4
2020,Philosophy,1
2019,Philosophy,2
2018,Philosophy,2
2022,Philosophy,3
2023,Philosophy,4
2021,Philosophy,3
2020,Archeology (arts and humanities),3
2019,Archeology (arts and humanities),3
2018,Archeology (arts and humanities),2
2022,Archeology (arts and humanities),1
2023,Archeology (arts and humanities),3
2021,Archeology (arts and humanities),3
2020,Public Administration,3
2019,Public Administration,3
2018,Public Administration,4
2022,Public Administration,6
2023,Public Administration,3
2021,Public Administration,2
2020,Microbiology,52
2019,Microbiology,38
2018,Microbiology,49
2022,Microbiology,62
2023,Microbiology,45
2021,Microbiology,68
2020,Orthopedics and Sports Medicine,23
2019,Orthopedics and Sports Medicine,30
2018,Orthopedics and Sports Medicine,15
2022,Orthopedics and Sports Medicine,45
2023,Orthopedics and Sports Medicine,36
2021,Orthopedics and Sports Medicine,35
2020,Theoretical Computer Science,13
2019,Theoretical Computer Science,8
2018,Theoretical Computer Science,9
2022,Theoretical Computer Science,10
2023,Theoretical Computer Science,11
2021,Theoretical Computer Science,5
2020,Food Animals,13
2019,Food Animals,8
2018,Food Animals,9
2022,Food Animals,8
2023,Food Animals,4
2021,Food Animals,5
2020,Automotive Engineering,7
2019,Automotive Engineering,6
2018,Automotive Engineering,7
2022,Automotive Engineering,11
2023,Automotive Engineering,9
2021,Automotive Engineering,20
2020,Materials Science (miscellaneous),5
2019,Materials Science (miscellaneous),1
2018,Materials Science (miscellaneous),5
2022,Materials Science (miscellaneous),19
2023,Materials Science (miscellaneous),26
2021,Materials Science (miscellaneous),15
2020,Horticulture,6
2019,Horticulture,7
2018,Horticulture,14
2022,Horticulture,9
2023,Horticulture,10
2021,Horticulture,5
2020,Medicine (miscellaneous),14
2019,Medicine (miscellaneous),22
2018,Medicine (miscellaneous),24
2022,Medicine (miscellaneous),43
2023,Medicine (miscellaneous),30
2021,Medicine (miscellaneous),40
2020,Neurology (clinical),42
2019,Neurology (clinical),49
2018,Neurology (clinical),32
2022,Neurology (clinical),64
2023,Neurology (clinical),67
2021,Neurology (clinical),60
2020,Cognitive Neuroscience,2
2019,Cognitive Neuroscience,3
2018,Cognitive Neuroscience,3
2022,Cognitive Neuroscience,12
2023,Cognitive Neuroscience,3
2021,Cognitive Neuroscience,13
2020,Molecular Medicine,58
2019,Molecular Medicine,40
2018,Molecular Medicine,40
2022,Molecular Medicine,86
2023,Molecular Medicine,45
2021,Molecular Medicine,79
2020,Radiological and Ultrasound Technology,6
2019,Radiological and Ultrasound Technology,15
2018,Radiological and Ultrasound Technology,5
2022,Radiological and Ultrasound Technology,8
2023,Radiological and Ultrasound Technology,3
2021,Radiological and Ultrasound Technology,9
2020,Nephrology,37
2019,Nephrology,22
2018,Nephrology,17
2022,Nephrology,38
2023,Nephrology,33
2021,Nephrology,29
2020,Management Information Systems,28
2019,Management Information Systems,27
2018,Management Information Systems,5
2022,Management Information Systems,13
2023,Management Information Systems,3
2021,Management Information Systems,6
2020,Anthropology,10
2019,Anthropology,6
2018,Anthropology,10
2022,Anthropology,9
2023,Anthropology,6
2021,Anthropology,9
2020,Metals and Alloys,29
2019,Metals and Alloys,18
2018,Metals and Alloys,23
2022,Metals and Alloys,21
2023,Metals and Alloys,38
2021,Metals and Alloys,25
2020,Statistics and Probability,11
2019,Statistics and Probability,8
2018,Statistics and Probability,9
2022,Statistics and Probability,18
2023,Statistics and Probability,13
2021,Statistics and Probability,12
2020,Geology,27
2019,Geology,12
2018,Geology,18
2022,Geology,13
2023,Geology,15
2021,Geology,15
2020,Mathematics (miscellaneous),3
2019,Mathematics (miscellaneous),1
2018,Mathematics (miscellaneous),0
2022,Mathematics (miscellaneous),2
2023,Mathematics (miscellaneous),0
2021,Mathematics (miscellaneous),2
2020,Building and Construction,42
2019,Building and Construction,26
2018,Building and Construction,22
2022,Building and Construction,85
2023,Building and Construction,54
2021,Building and Construction,49
2020,Fuel Technology,49
2019,Fuel Technology,52
2018,Fuel Technology,30
2022,Fuel Technology,80
2023,Fuel Technology,46
2021,Fuel Technology,72
2020,Immunology and Allergy,49
2019,Immunology and Allergy,48
2018,Immunology and Allergy,43
2022,Immunology and Allergy,62
2023,Immunology and Allergy,44
2021,Immunology and Allergy,60
2020,"Biochemistry, Genetics and Molecular Biology (all)",74
2019,"Biochemistry, Genetics and Molecular Biology (all)",70
2018,"Biochemistry, Genetics and Molecular Biology (all)",62
2022,"Biochemistry, Genetics and Molecular Biology (all)",79
2023,"Biochemistry, Genetics and Molecular Biology (all)",48
2021,"Biochemistry, Genetics and Molecular Biology (all)",59
2020,"Issues, Ethics and Legal Aspects",2
2019,"Issues, Ethics and Legal Aspects",0
2018,"Issues, Ethics and Legal Aspects",2
2022,"Issues, Ethics and Legal Aspects",1
2023,"Issues, Ethics and Legal Aspects",0
2021,"Issues, Ethics and Legal Aspects",0
2020,Psychology (miscellaneous),0
2019,Psychology (miscellaneous),1
2018,Psychology (miscellaneous),0
2022,Psychology (miscellaneous),1
2023,Psychology (miscellaneous),3
2021,Psychology (miscellaneous),0
2020,Energy (miscellaneous),13
2019,Energy (miscellaneous),4
2018,Energy (miscellaneous),4
2022,Energy (miscellaneous),16
2023,Energy (miscellaneous),12
2021,Energy (miscellaneous),9
2020,Accounting,2
2019,Accounting,7
2018,Accounting,5
2022,Accounting,10
2023,Accounting,5
2021,Accounting,10
2020,Geometry and Topology,2
2019,Geometry and Topology,0
2018,Geometry and Topology,2
2022,Geometry and Topology,4
2023,Geometry and Topology,3
2021,Geometry and Topology,0
2020,Rheumatology,4
2019,Rheumatology,10
2018,Rheumatology,5
2022,Rheumatology,7
2023,Rheumatology,4
2021,Rheumatology,3
2020,"Public Health, Environmental and Occupational Health",105
2019,"Public Health, Environmental and Occupational Health",91
2018,"Public Health, Environmental and Occupational Health",101
2022,"Public Health, Environmental and Occupational Health",167
2023,"Public Health, Environmental and Occupational Health",79
2021,"Public Health, Environmental and Occupational Health",121
2020,Nuclear Energy and Engineering,7
2019,Nuclear Energy and Engineering,14
2018,Nuclear Energy and Engineering,10
2022,Nuclear Energy and Engineering,14
2023,Nuclear Energy and Engineering,6
2021,Nuclear Energy and Engineering,10
2020,Materials Chemistry,96
2019,Materials Chemistry,105
2018,Materials Chemistry,82
2022,Materials Chemistry,94
2023,Materials Chemistry,79
2021,Materials Chemistry,106
2020,Demography,5
2019,Demography,2
2018,Demography,3
2022,Demography,4
2023,Demography,2
2021,Demography,3
2020,Computer Science (all),52
2019,Computer Science (all),39
2018,Computer Science (all),24
2022,Computer Science (all),53
2023,Computer Science (all),30
2021,Computer Science (all),31
2020,Veterinary (miscellaneous),5
2019,Veterinary (miscellaneous),2
2018,Veterinary (miscellaneous),2
2022,Veterinary (miscellaneous),11
2023,Veterinary (miscellaneous),5
2021,Veterinary (miscellaneous),8
2020,Nature and Landscape Conservation,14
2019,Nature and Landscape Conservation,12
2018,Nature and Landscape Conservation,2
2022,Nature and Landscape Conservation,18
2023,Nature and Landscape Conservation,6
2021,Nature and Landscape Conservation,21
2020,Biological Psychiatry,11
2019,Biological Psychiatry,8
2018,Biological Psychiatry,16
2022,Biological Psychiatry,7
2023,Biological Psychiatry,9
2021,Biological Psychiatry,8
2020,Immunology and Microbiology (all),34
2019,Immunology and Microbiology (all),26
2018,Immunology and Microbiology (all),9
2022,Immunology and Microbiology (all),54
2023,Immunology and Microbiology (all),32
2021,Immunology and Microbiology (all),31
2020,Applied Microbiology and Biotechnology,19
2019,Applied Microbiology and Biotechnology,24
2018,Applied Microbiology and Biotechnology,24
2022,Applied Microbiology and Biotechnology,26
2023,Applied Microbiology and Biotechnology,20
2021,Applied Microbiology and Biotechnology,19
2020,Pulmonary and Respiratory Medicine,16
2019,Pulmonary and Respiratory Medicine,10
2018,Pulmonary and Respiratory Medicine,20
2022,Pulmonary and Respiratory Medicine,7
2023,Pulmonary and Respiratory Medicine,14
2021,Pulmonary and Respiratory Medicine,16
2020,"Electronic, Optical and Magnetic Materials",57
2019,"Electronic, Optical and Magnetic Materials",50
2018,"Electronic, Optical and Magnetic Materials",46
2022,"Electronic, Optical and Magnetic Materials",44
2023,"Electronic, Optical and Magnetic Materials",42
2021,"Electronic, Optical and Magnetic Materials",67
2020,Advanced and Specialized Nursing,4
2019,Advanced and Specialized Nursing,2
2018,Advanced and Specialized Nursing,4
2022,Advanced and Specialized Nursing,3
2023,Advanced and Specialized Nursing,0
2021,Advanced and Specialized Nursing,3
2020,Immunology,54
2019,Immunology,55
2018,Immunology,56
2022,Immunology,109
2023,Immunology,68
2021,Immunology,76
2020,"Pharmacology, Toxicology and Pharmaceutics (all)",24
2019,"Pharmacology, Toxicology and Pharmaceutics (all)",16
2018,"Pharmacology, Toxicology and Pharmaceutics (all)",7
2022,"Pharmacology, Toxicology and Pharmaceutics (all)",24
2023,"Pharmacology, Toxicology and Pharmaceutics (all)",17
2021,"Pharmacology, Toxicology and Pharmaceutics (all)",12
2020,Pharmaceutical Science,83
2019,Pharmaceutical Science,50
2018,Pharmaceutical Science,63
2022,Pharmaceutical Science,103
2023,Pharmaceutical Science,56
2021,Pharmaceutical Science,98
2020,Analysis,3
2019,Analysis,2
2018,Analysis,3
2022,Analysis,8
2023,Analysis,4
2021,Analysis,6
2020,Computational Theory and Mathematics,7
2019,Computational Theory and Mathematics,4
2018,Computational Theory and Mathematics,4
2022,Computational Theory and Mathematics,9
2023,Computational Theory and Mathematics,5
2021,Computational Theory and Mathematics,7
2020,"Health, Toxicology and Mutagenesis",32
2019,"Health, Toxicology and Mutagenesis",20
2018,"Health, Toxicology and Mutagenesis",20
2022,"Health, Toxicology and Mutagenesis",59
2023,"Health, Toxicology and Mutagenesis",35
2021,"Health, Toxicology and Mutagenesis",46
2020,Biomedical Engineering,34
2019,Biomedical Engineering,25
2018,Biomedical Engineering,19
2022,Biomedical Engineering,45
2023,Biomedical Engineering,29
2021,Biomedical Engineering,44
2020,Radiation,10
2019,Radiation,6
2018,Radiation,5
2022,Radiation,9
2023,Radiation,3
2021,Radiation,3
2020,Geotechnical Engineering and Engineering Geology,32
2019,Geotechnical Engineering and Engineering Geology,34
2018,Geotechnical Engineering and Engineering Geology,26
2022,Geotechnical Engineering and Engineering Geology,30
2023,Geotechnical Engineering and Engineering Geology,25
2021,Geotechnical Engineering and Engineering Geology,39
2020,Waste Management and Disposal,54
2019,Waste Management and Disposal,38
2018,Waste Management and Disposal,34
2022,Waste Management and Disposal,59
2023,Waste Management and Disposal,51
2021,Waste Management and Disposal,69
2020,Epidemiology,23
2019,Epidemiology,16
2018,Epidemiology,9
2022,Epidemiology,25
2023,Epidemiology,13
2021,Epidemiology,28
2020,Aging,0
2019,Aging,5
2018,Aging,1
2022,Aging,8
2023,Aging,1
2021,Aging,4
2020,"Surfaces, Coatings and Films",43
2019,"Surfaces, Coatings and Films",43
2018,"Surfaces, Coatings and Films",36
2022,"Surfaces, Coatings and Films",30
2023,"Surfaces, Coatings and Films",34
2021,"Surfaces, Coatings and Films",40
2020,Aerospace Engineering,8
2019,Aerospace Engineering,2
2018,Aerospace Engineering,2
2022,Aerospace Engineering,5
2023,Aerospace Engineering,9
2021,Aerospace Engineering,4
2020,Maternity and Midwifery,4
2019,Maternity and Midwifery,0
2018,Maternity and Midwifery,3
2022,Maternity and Midwifery,3
2023,Maternity and Midwifery,2
2021,Maternity and Midwifery,0
2020,Catalysis,61
2019,Catalysis,36
2018,Catalysis,32
2022,Catalysis,66
2023,Catalysis,58
2021,Catalysis,68
2020,"Ecology, Evolution, Behavior and Systematics",80
2019,"Ecology, Evolution, Behavior and Systematics",55
2018,"Ecology, Evolution, Behavior and Systematics",51
2022,"Ecology, Evolution, Behavior and Systematics",83
2023,"Ecology, Evolution, Behavior and Systematics",70
2021,"Ecology, Evolution, Behavior and Systematics",86
2020,Arts and Humanities (all),20
2019,Arts and Humanities (all),6
2018,Arts and Humanities (all),9
2022,Arts and Humanities (all),26
2023,Arts and Humanities (all),14
2021,Arts and Humanities (all),19
2020,Cultural Studies,9
2019,Cultural Studies,9
2018,Cultural Studies,9
2022,Cultural Studies,17
2023,Cultural Studies,12
2021,Cultural Studies,9
2020,Media Technology,3
2019,Media Technology,19
2018,Media Technology,4
2022,Media Technology,5
2023,Media Technology,7
2021,Media Technology,5
2020,Industrial and Manufacturing Engineering,55
2019,Industrial and Manufacturing Engineering,51
2018,Industrial and Manufacturing Engineering,45
2022,Industrial and Manufacturing Engineering,45
2023,Industrial and Manufacturing Engineering,38
2021,Industrial and Manufacturing Engineering,42
2020,Hepatology,18
2019,Hepatology,22
2018,Hepatology,17
2022,Hepatology,27
2023,Hepatology,14
2021,Hepatology,28
2020,Chemical Engineering (all),110
2019,Chemical Engineering (all),114
2018,Chemical Engineering (all),110
2022,Chemical Engineering (all),163
2023,Chemical Engineering (all),114
2021,Chemical Engineering (all),144
2020,Modeling and Simulation,23
2019,Modeling and Simulation,17
2018,Modeling and Simulation,8
2022,Modeling and Simulation,28
2023,Modeling and Simulation,17
2021,Modeling and Simulation,19
2020,Mechanics of Materials,77
2019,Mechanics of Materials,73
2018,Mechanics of Materials,93
2022,Mechanics of Materials,77
2023,Mechanics of Materials,57
2021,Mechanics of Materials,82
2020,Physical and Theoretical Chemistry,78
2019,Physical and Theoretical Chemistry,69
2018,Physical and Theoretical Chemistry,51
2022,Physical and Theoretical Chemistry,99
2023,Physical and Theoretical Chemistry,86
2021,Physical and Theoretical Chemistry,100
2020,Civil and Structural Engineering,43
2019,Civil and Structural Engineering,32
2018,Civil and Structural Engineering,41
2022,Civil and Structural Engineering,55
2023,Civil and Structural Engineering,64
2021,Civil and Structural Engineering,69
2020,Stratigraphy,3
2019,Stratigraphy,3
2018,Stratigraphy,1
2022,Stratigraphy,1
2023,Stratigraphy,0
2021,Stratigraphy,3
2020,Management of Technology and Innovation,21
2019,Management of Technology and Innovation,9
2018,Management of Technology and Innovation,5
2022,Management of Technology and Innovation,18
2023,Management of Technology and Innovation,10
2021,Management of Technology and Innovation,11
2020,Safety Research,7
2019,Safety Research,5
2018,Safety Research,9
2022,Safety Research,5
2023,Safety Research,5
2021,Safety Research,3
2020,Insect Science,15
2019,Insect Science,17
2018,Insect Science,17
2022,Insect Science,19
2023,Insect Science,18
2021,Insect Science,17
2020,Decision Sciences (all),1
2019,Decision Sciences (all),0
2018,Decision Sciences (all),1
2022,Decision Sciences (all),2
2023,Decision Sciences (all),0
2021,Decision Sciences (all),0
2020,Cancer Research,33
2019,Cancer Research,30
2018,Cancer Research,26
2022,Cancer Research,52
2023,Cancer Research,24
2021,Cancer Research,43
2020,Pathology and Forensic Medicine,12
2019,Pathology and Forensic Medicine,21
2018,Pathology and Forensic Medicine,22
2022,Pathology and Forensic Medicine,17
2023,Pathology and Forensic Medicine,14
2021,Pathology and Forensic Medicine,17
2020,Language and Linguistics,21
2019,Language and Linguistics,17
2018,Language and Linguistics,8
2022,Language and Linguistics,34
2023,Language and Linguistics,20
2021,Language and Linguistics,32
2020,Community and Home Care,1
2019,Community and Home Care,0
2018,Community and Home Care,2
2022,Community and Home Care,5
2023,Community and Home Care,1
2021,Community and Home Care,5
2020,Gerontology,0
2019,Gerontology,3
2018,Gerontology,3
2022,Gerontology,2
2023,Gerontology,5
2021,Gerontology,2
2020,Pharmacology (medical),38
2019,Pharmacology (medical),47
2018,Pharmacology (medical),38
2022,Pharmacology (medical),75
2023,Pharmacology (medical),48
2021,Pharmacology (medical),60
2020,Information Systems and Management,58
2019,Information Systems and Management,73
2018,Information Systems and Management,22
2022,Information Systems and Management,53
2023,Information Systems and Management,22
2021,Information Systems and Management,15
2020,Ophthalmology,22
2019,Ophthalmology,24
2018,Ophthalmology,23
2022,Ophthalmology,18
2023,Ophthalmology,20
2021,Ophthalmology,23
2020,Obstetrics and Gynecology,25
2019,Obstetrics and Gynecology,24
2018,Obstetrics and Gynecology,6
2022,Obstetrics and Gynecology,29
2023,Obstetrics and Gynecology,21
2021,Obstetrics and Gynecology,16
2020,Neurology,33
2019,Neurology,34
2018,Neurology,34
2022,Neurology,32
2023,Neurology,37
2021,Neurology,27
2020,Materials Science (all),179
2019,Materials Science (all),134
2018,Materials Science (all),169
2022,Materials Science (all),169
2023,Materials Science (all),118
2021,Materials Science (all),138
2020,Podiatry,0
2019,Podiatry,0
2018,Podiatry,0
2022,Podiatry,0
2023,Podiatry,1
2021,Podiatry,1
2020,"Tourism, Leisure and Hospitality Management",4
2019,"Tourism, Leisure and Hospitality Management",7
2018,"Tourism, Leisure and Hospitality Management",3
2022,"Tourism, Leisure and Hospitality Management",11
2023,"Tourism, Leisure and Hospitality Management",4
2021,"Tourism, Leisure and Hospitality Management",1
2020,Business and International Management,21
2019,Business and International Management,18
2018,Business and International Management,12
2022,Business and International Management,27
2023,Business and International Management,27
2021,Business and International Management,22
2020,Ceramics and Composites,20
2019,Ceramics and Composites,17
2018,Ceramics and Composites,13
2022,Ceramics and Composites,21
2023,Ceramics and Composites,30
2021,Ceramics and Composites,17
2020,Plant Science,46
2019,Plant Science,36
2018,Plant Science,40
2022,Plant Science,69
2023,Plant Science,59
2021,Plant Science,67
2020,Colloid and Surface Chemistry,11
2019,Colloid and Surface Chemistry,8
2018,Colloid and Surface Chemistry,10
2022,Colloid and Surface Chemistry,8
2023,Colloid and Surface Chemistry,8
2021,Colloid and Surface Chemistry,16
2020,"Biochemistry, Genetics and Molecular Biology (miscellaneous)",0
2019,"Biochemistry, Genetics and Molecular Biology (miscellaneous)",3
2018,"Biochemistry, Genetics and Molecular Biology (miscellaneous)",5
2022,"Biochemistry, Genetics and Molecular Biology (miscellaneous)",8
2023,"Biochemistry, Genetics and Molecular Biology (miscellaneous)",6
2021,"Biochemistry, Genetics and Molecular Biology (miscellaneous)",5
2020,Environmental Chemistry,50
2019,Environmental Chemistry,41
2018,Environmental Chemistry,48
2022,Environmental Chemistry,81
2023,Environmental Chemistry,78
2021,Environmental Chemistry,57
2020,Polymers and Plastics,69
2019,Polymers and Plastics,73
2018,Polymers and Plastics,55
2022,Polymers and Plastics,95
2023,Polymers and Plastics,61
2021,Polymers and Plastics,94
2020,"Renewable Energy, Sustainability and the Environment",111
2019,"Renewable Energy, Sustainability and the Environment",92
2018,"Renewable Energy, Sustainability and the Environment",52
2022,"Renewable Energy, Sustainability and the Environment",170
2023,"Renewable Energy, Sustainability and the Environment",106
2021,"Renewable Energy, Sustainability and the Environment",121
2020,Energy Engineering and Power Technology,90
2019,Energy Engineering and Power Technology,88
2018,Energy Engineering and Power Technology,46
2022,Energy Engineering and Power Technology,145
2023,Energy Engineering and Power Technology,77
2021,Energy Engineering and Power Technology,120
2020,Surfaces and Interfaces,18
2019,Surfaces and Interfaces,12
2018,Surfaces and Interfaces,21
2022,Surfaces and Interfaces,16
2023,Surfaces and Interfaces,15
2021,Surfaces and Interfaces,15
2020,Fluid Flow and Transfer Processes,7
2019,Fluid Flow and Transfer Processes,7
2018,Fluid Flow and Transfer Processes,4
2022,Fluid Flow and Transfer Processes,21
2023,Fluid Flow and Transfer Processes,12
2021,Fluid Flow and Transfer Processes,16
2020,Occupational Therapy,0
2019,Occupational Therapy,0
2018,Occupational Therapy,0
2022,Occupational Therapy,3
2023,Occupational Therapy,8
2021,Occupational Therapy,0
2020,Chemical Engineering (miscellaneous),27
2019,Chemical Engineering (miscellaneous),14
2018,Chemical Engineering (miscellaneous),18
2022,Chemical Engineering (miscellaneous),30
2023,Chemical Engineering (miscellaneous),16
2021,Chemical Engineering (miscellaneous),24
2020,Clinical Psychology,8
2019,Clinical Psychology,5
2018,Clinical Psychology,4
2022,Clinical Psychology,11
2023,Clinical Psychology,9
2021,Clinical Psychology,7
2020,Energy (all),59
2019,Energy (all),25
2018,Energy (all),15
2022,Energy (all),29
2023,Energy (all),21
2021,Energy (all),30
2020,Nursing (miscellaneous),1
2019,Nursing (miscellaneous),0
2018,Nursing (miscellaneous),3
2022,Nursing (miscellaneous),2
2023,Nursing (miscellaneous),0
2021,Nursing (miscellaneous),3
2020,Cell Biology,19
2019,Cell Biology,25
2018,Cell Biology,26
2022,Cell Biology,29
2023,Cell Biology,37
2021,Cell Biology,36
2020,Biotechnology,51
2019,Biotechnology,53
2018,Biotechnology,51
2022,Biotechnology,69
2023,Biotechnology,50
2021,Biotechnology,61
2020,Anatomy,6
2019,Anatomy,12
2018,Anatomy,7
2022,Anatomy,3
2023,Anatomy,3
2021,Anatomy,3
2020,Logic,2
2019,Logic,1
2018,Logic,4
2022,Logic,4
2023,Logic,2
2021,Logic,3
2020,Urban Studies,13
2019,Urban Studies,21
2018,Urban Studies,4
2022,Urban Studies,33
2023,Urban Studies,16
2021,Urban Studies,18
2020,Management Science and Operations Research,21
2019,Management Science and Operations Research,6
2018,Management Science and Operations Research,15
2022,Management Science and Operations Research,19
2023,Management Science and Operations Research,8
2021,Management Science and Operations Research,7
2020,History,14
2019,History,6
2018,History,5
2022,History,19
2023,History,12
2021,History,18
2020,Discrete Mathematics and Combinatorics,4
2019,Discrete Mathematics and Combinatorics,2
2018,Discrete Mathematics and Combinatorics,4
2022,Discrete Mathematics and Combinatorics,5
2023,Discrete Mathematics and Combinatorics,4
2021,Discrete Mathematics and Combinatorics,3
2020,Dentistry (miscellaneous),3
2019,Dentistry (miscellaneous),3
2018,Dentistry (miscellaneous),2
2022,Dentistry (miscellaneous),5
2023,Dentistry (miscellaneous),9
2021,Dentistry (miscellaneous),9
2020,Biochemistry (medical),7
2019,Biochemistry (medical),4
2018,Biochemistry (medical),9
2022,Biochemistry (medical),6
2023,Biochemistry (medical),2
2021,Biochemistry (medical),10
2020,Virology,27
2019,Virology,26
2018,Virology,21
2022,Virology,27
2023,Virology,18
2021,Virology,28
2020,Instrumentation,57
2019,Instrumentation,71
2018,Instrumentation,26
2022,Instrumentation,62
2023,Instrumentation,63
2021,Instrumentation,71
2020,Life-span and Life-course Studies,2
2019,Life-span and Life-course Studies,0
2018,Life-span and Life-course Studies,2
2022,Life-span and Life-course Studies,1
2023,Life-span and Life-course Studies,4
2021,Life-span and Life-course Studies,0
2020,Pharmacology,64
2019,Pharmacology,78
2018,Pharmacology,78
2022,Pharmacology,109
2023,Pharmacology,60
2021,Pharmacology,80
2020,Library and Information Sciences,6
2019,Library and Information Sciences,4
2018,Library and Information Sciences,0
2022,Library and Information Sciences,12
2023,Library and Information Sciences,4
2021,Library and Information Sciences,9
2020,Pharmacy,4
2019,Pharmacy,3
2018,Pharmacy,4
2022,Pharmacy,13
2023,Pharmacy,5
2021,Pharmacy,6
2020,"Pediatrics, Perinatology and Child Health",35
2019,"Pediatrics, Perinatology and Child Health",21
2018,"Pediatrics, Perinatology and Child Health",16
2022,"Pediatrics, Perinatology and Child Health",46
2023,"Pediatrics, Perinatology and Child Health",39
2021,"Pediatrics, Perinatology and Child Health",41
2020,Dermatology,25
2019,Dermatology,32
2018,Dermatology,20
2022,Dermatology,39
2023,Dermatology,16
2021,Dermatology,25
2020,Chemistry (miscellaneous),23
2019,Chemistry (miscellaneous),13
2018,Chemistry (miscellaneous),5
2022,Chemistry (miscellaneous),44
2023,Chemistry (miscellaneous),22
2021,Chemistry (miscellaneous),34
2020,Health Information Management,1
2019,Health Information Management,2
2018,Health Information Management,0
2022,Health Information Management,5
2023,Health Information Management,10
2021,Health Information Management,5
2020,Equine,4
2019,Equine,6
2018,Equine,5
2022,Equine,5
2023,Equine,2
2021,Equine,2
2020,Physiology,12
2019,Physiology,14
2018,Physiology,29
2022,Physiology,21
2023,Physiology,24
2021,Physiology,27
2020,Animal Science and Zoology,77
2019,Animal Science and Zoology,58
2018,Animal Science and Zoology,51
2022,Animal Science and Zoology,75
2023,Animal Science and Zoology,44
2021,Animal Science and Zoology,57
2020,Clinical Biochemistry,20
2019,Clinical Biochemistry,17
2018,Clinical Biochemistry,13
2022,Clinical Biochemistry,22
2023,Clinical Biochemistry,16
2021,Clinical Biochemistry,25
2020,Emergency Medicine,6
2019,Emergency Medicine,4
2018,Emergency Medicine,6
2022,Emergency Medicine,3
2023,Emergency Medicine,3
2021,Emergency Medicine,7
2020,Environmental Science (miscellaneous),8
2019,Environmental Science (miscellaneous),11
2018,Environmental Science (miscellaneous),3
2022,Environmental Science (miscellaneous),58
2023,Environmental Science (miscellaneous),27
2021,Environmental Science (miscellaneous),44
2020,Computer Science Applications,86
2019,Computer Science Applications,109
2018,Computer Science Applications,96
2022,Computer Science Applications,187
2023,Computer Science Applications,119
2021,Computer Science Applications,128
2020,Pediatrics,3
2019,Pediatrics,1
2018,Pediatrics,0
2022,Pediatrics,7
2023,Pediatrics,1
2021,Pediatrics,2
2020,"Physical Therapy, Sports Therapy and Rehabilitation",16
2019,"Physical Therapy, Sports Therapy and Rehabilitation",9
2018,"Physical Therapy, Sports Therapy and Rehabilitation",11
2022,"Physical Therapy, Sports Therapy and Rehabilitation",26
2023,"Physical Therapy, Sports Therapy and Rehabilitation",12
2021,"Physical Therapy, Sports Therapy and Rehabilitation",23
2020,Hardware and Architecture,34
2019,Hardware and Architecture,52
2018,Hardware and Architecture,33
2022,Hardware and Architecture,75
2023,Hardware and Architecture,30
2021,Hardware and Architecture,53
2020,Electrochemistry,15
2019,Electrochemistry,9
2018,Electrochemistry,13
2022,Electrochemistry,18
2023,Electrochemistry,17
2021,Electrochemistry,22
2020,Water Science and Technology,25
2019,Water Science and Technology,24
2018,Water Science and Technology,17
2022,Water Science and Technology,27
2023,Water Science and Technology,20
2021,Water Science and Technology,20
2020,Geophysics,4
2019,Geophysics,4
2018,Geophysics,8
2022,Geophysics,3
2023,Geophysics,4
2021,Geophysics,5
2020,Architecture,6
2019,Architecture,6
2018,Architecture,1
2022,Architecture,20
2023,Architecture,23
2021,Architecture,14
2020,Music,6
2019,Music,1
2018,Music,1
2022,Music,9
2023,Music,7
2021,Music,8
2020,Dental Hygiene,0
2019,Dental Hygiene,1
2018,Dental Hygiene,0
2022,Dental Hygiene,2
2023,Dental Hygiene,0
2021,Dental Hygiene,2
2020,Cellular and Molecular Neuroscience,14
2019,Cellular and Molecular Neuroscience,26
2018,Cellular and Molecular Neuroscience,20
2022,Cellular and Molecular Neuroscience,21
2023,Cellular and Molecular Neuroscience,15
2021,Cellular and Molecular Neuroscience,13
2020,Aquatic Science,40
2019,Aquatic Science,27
2018,Aquatic Science,24
2022,Aquatic Science,63
2023,Aquatic Science,48
2021,Aquatic Science,53
2020,"Management, Monitoring, Policy and Law",34
2019,"Management, Monitoring, Policy and Law",32
2018,"Management, Monitoring, Policy and Law",16
2022,"Management, Monitoring, Policy and Law",88
2023,"Management, Monitoring, Policy and Law",50
2021,"Management, Monitoring, Policy and Law",61
2020,Reproductive Medicine,3
2019,Reproductive Medicine,4
2018,Reproductive Medicine,0
2022,Reproductive Medicine,3
2023,Reproductive Medicine,4
2021,Reproductive Medicine,7
2020,Conservation,6
2019,Conservation,8
2018,Conservation,0
2022,Conservation,10
2023,Conservation,3
2021,Conservation,7
2020,Social Psychology,9
2019,Social Psychology,3
2018,Social Psychology,6
2022,Social Psychology,19
2023,Social Psychology,15
2021,Social Psychology,12
2020,Internal Medicine,13
2019,Internal Medicine,8
2018,Internal Medicine,9
2022,Internal Medicine,13
2023,Internal Medicine,8
2021,Internal Medicine,9
2020,Law,5
2019,Law,11
2018,Law,6
2022,Law,5
2023,Law,4
2021,Law,6
2020,Hematology,29
2019,Hematology,30
2018,Hematology,18
2022,Hematology,35
2023,Hematology,28
2021,Hematology,41
2020,Physics and Astronomy (all),62
2019,Physics and Astronomy (all),71
2018,Physics and Astronomy (all),92
2022,Physics and Astronomy (all),68
2023,Physics and Astronomy (all),46
2021,Physics and Astronomy (all),66
2020,Molecular Biology,84
2019,Molecular Biology,74
2018,Molecular Biology,59
2022,Molecular Biology,101
2023,Molecular Biology,99
2021,Molecular Biology,87
2020,Agronomy and Crop Science,21
2019,Agronomy and Crop Science,22
2018,Agronomy and Crop Science,18
2022,Agronomy and Crop Science,27
2023,Agronomy and Crop Science,30
2021,Agronomy and Crop Science,19
2020,Literature and Literary Theory,10
2019,Literature and Literary Theory,8
2018,Literature and Literary Theory,6
2022,Literature and Literary Theory,8
2023,Literature and Literary Theory,14
2021,Literature and Literary Theory,12
2020,Software,74
2019,Software,69
2018,Software,56
2022,Software,58
2023,Software,31
2021,Software,50
2020,Applied Mathematics,18
2019,Applied Mathematics,11
2018,Applied Mathematics,16
2022,Applied Mathematics,31
2023,Applied Mathematics,19
2021,Applied Mathematics,22
2020,Physics and Astronomy (miscellaneous),33
2019,Physics and Astronomy (miscellaneous),42
2018,Physics and Astronomy (miscellaneous),33
2022,Physics and Astronomy (miscellaneous),26
2023,Physics and Astronomy (miscellaneous),13
2021,Physics and Astronomy (miscellaneous),35
2020,Development,11
2019,Development,11
2018,Development,10
2022,Development,24
2023,Development,17
2021,Development,18
2020,Nursing (all),12
2019,Nursing (all),8
2018,Nursing (all),14
2022,Nursing (all),21
2023,Nursing (all),17
2021,Nursing (all),20
2020,Computer Graphics and Computer-Aided Design,6
2019,Computer Graphics and Computer-Aided Design,5
2018,Computer Graphics and Computer-Aided Design,7
2022,Computer Graphics and Computer-Aided Design,10
2023,Computer Graphics and Computer-Aided Design,14
2021,Computer Graphics and Computer-Aided Design,4
2020,"Business, Management and Accounting (all)",32
2019,"Business, Management and Accounting (all)",13
2018,"Business, Management and Accounting (all)",11
2022,"Business, Management and Accounting (all)",23
2023,"Business, Management and Accounting (all)",18
2021,"Business, Management and Accounting (all)",23
2020,Health Informatics,9
2019,Health Informatics,14
2018,Health Informatics,3
2022,Health Informatics,23
2023,Health Informatics,10
2021,Health Informatics,22
2020,Algebra and Number Theory,4
2019,Algebra and Number Theory,7
2018,Algebra and Number Theory,6
2022,Algebra and Number Theory,9
2023,Algebra and Number Theory,1
2021,Algebra and Number Theory,6
2020,Experimental and Cognitive Psychology,2
2019,Experimental and Cognitive Psychology,0
2018,Experimental and Cognitive Psychology,3
2022,Experimental and Cognitive Psychology,10
2023,Experimental and Cognitive Psychology,6
2021,Experimental and Cognitive Psychology,5
2020,"Endocrinology, Diabetes and Metabolism",19
2019,"Endocrinology, Diabetes and Metabolism",28
2018,"Endocrinology, Diabetes and Metabolism",18
2022,"Endocrinology, Diabetes and Metabolism",27
2023,"Endocrinology, Diabetes and Metabolism",17
2021,"Endocrinology, Diabetes and Metabolism",22
2020,Earth and Planetary Sciences (all),40
2019,Earth and Planetary Sciences (all),27
2018,Earth and Planetary Sciences (all),25
2022,Earth and Planetary Sciences (all),16
2023,Earth and Planetary Sciences (all),12
2021,Earth and Planetary Sciences (all),26
2020,Computational Mechanics,4
2019,Computational Mechanics,7
2018,Computational Mechanics,9
2022,Computational Mechanics,4
2023,Computational Mechanics,3
2021,Computational Mechanics,3
2020,Otorhinolaryngology,20
2019,Otorhinolaryngology,24
2018,Otorhinolaryngology,23
2022,Otorhinolaryngology,40
2023,Otorhinolaryngology,36
2021,Otorhinolaryngology,35
2020,Endocrinology,15
2019,Endocrinology,12
2018,Endocrinology,12
2022,Endocrinology,14
2023,Endocrinology,9
2021,Endocrinology,12
2020,Industrial Relations,1
2019,Industrial Relations,0
2018,Industrial Relations,0
2022,Industrial Relations,1
2023,Industrial Relations,1
2021,Industrial Relations,1
2020,Ecology,23
2019,Ecology,16
2018,Ecology,18
2022,Ecology,38
2023,Ecology,37
2021,Ecology,36
2020,Psychiatry and Mental Health,33
2019,Psychiatry and Mental Health,23
2018,Psychiatry and Mental Health,28
2022,Psychiatry and Mental Health,36
2023,Psychiatry and Mental Health,42
2021,Psychiatry and Mental Health,34
2020,Computer Science (miscellaneous),10
2019,Computer Science (miscellaneous),34
2018,Computer Science (miscellaneous),5
2022,Computer Science (miscellaneous),57
2023,Computer Science (miscellaneous),17
2021,Computer Science (miscellaneous),18
2020,Anesthesiology and Pain Medicine,9
2019,Anesthesiology and Pain Medicine,7
2018,Anesthesiology and Pain Medicine,6
2022,Anesthesiology and Pain Medicine,11
2023,Anesthesiology and Pain Medicine,7
2021,Anesthesiology and Pain Medicine,7
2020,Oncology (nursing),1
2019,Oncology (nursing),3
2018,Oncology (nursing),0
2022,Oncology (nursing),0
2023,Oncology (nursing),1
2021,Oncology (nursing),2
2020,Social Sciences (miscellaneous),15
2019,Social Sciences (miscellaneous),20
2018,Social Sciences (miscellaneous),9
2022,Social Sciences (miscellaneous),18
2023,Social Sciences (miscellaneous),22
2021,Social Sciences (miscellaneous),18
2020,Nutrition and Dietetics,16
2019,Nutrition and Dietetics,15
2018,Nutrition and Dietetics,9
2022,Nutrition and Dietetics,38
2023,Nutrition and Dietetics,26
2021,Nutrition and Dietetics,26
2020,Health Professions (miscellaneous),3
2019,Health Professions (miscellaneous),0
2018,Health Professions (miscellaneous),2
2022,Health Professions (miscellaneous),15
2023,Health Professions (miscellaneous),21
2021,Health Professions (miscellaneous),7
2020,Medical and Surgical Nursing,0
2019,Medical and Surgical Nursing,1
2018,Medical and Surgical Nursing,1
2022,Medical and Surgical Nursing,1
2023,Medical and Surgical Nursing,1
2021,Medical and Surgical Nursing,3
2020,Engineering (all),137
2019,Engineering (all),110
2018,Engineering (all),89
2022,Engineering (all),128
2023,Engineering (all),66
2021,Engineering (all),105
2020,Inorganic Chemistry,19
2019,Inorganic Chemistry,25
2018,Inorganic Chemistry,15
2022,Inorganic Chemistry,52
2023,Inorganic Chemistry,42
2021,Inorganic Chemistry,27
2020,Atmospheric Science,7
2019,Atmospheric Science,4
2018,Atmospheric Science,4
2022,Atmospheric Science,5
2023,Atmospheric Science,4
2021,Atmospheric Science,9
2020,Agricultural and Biological Sciences (all),38
2019,Agricultural and Biological Sciences (all),21
2018,Agricultural and Biological Sciences (all),35
2022,Agricultural and Biological Sciences (all),66
2023,Agricultural and Biological Sciences (all),32
2021,Agricultural and Biological Sciences (all),37
2020,Filtration and Separation,2
2019,Filtration and Separation,7
2018,Filtration and Separation,7
2022,Filtration and Separation,14
2023,Filtration and Separation,5
2021,Filtration and Separation,6
2020,Microbiology (medical),38
2019,Microbiology (medical),35
2018,Microbiology (medical),29
2022,Microbiology (medical),57
2023,Microbiology (medical),32
2021,Microbiology (medical),73
2020,Information Systems,44
2019,Information Systems,91
2018,Information Systems,17
2022,Information Systems,79
2023,Information Systems,36
2021,Information Systems,55
2020,Mechanical Engineering,73
2019,Mechanical Engineering,78
2018,Mechanical Engineering,95
2022,Mechanical Engineering,66
2023,Mechanical Engineering,66
2021,Mechanical Engineering,60
2020,Drug Discovery,52
2019,Drug Discovery,51
2018,Drug Discovery,45
2022,Drug Discovery,103
2023,Drug Discovery,55
2021,Drug Discovery,79
2020,Oceanography,12
2019,Oceanography,7
2018,Oceanography,8
2022,Oceanography,18
2023,Oceanography,12
2021,Oceanography,10
2020,Pollution,67
2019,Pollution,41
2018,Pollution,38
2022,Pollution,86
2023,Pollution,62
2021,Pollution,78
2020,"Atomic and Molecular Physics, and Optics",25
2019,"Atomic and Molecular Physics, and Optics",17
2018,"Atomic and Molecular Physics, and Optics",17
2022,"Atomic and Molecular Physics, and Optics",24
2023,"Atomic and Molecular Physics, and Optics",41
2021,"Atomic and Molecular Physics, and Optics",32
2020,Oral Surgery,11
2019,Oral Surgery,9
2018,Oral Surgery,10
2022,Oral Surgery,25
2023,Oral Surgery,30
2021,Oral Surgery,17
2020,Multidisciplinary,147
2019,Multidisciplinary,101
2018,Multidisciplinary,84
2022,Multidisciplinary,309
2023,Multidisciplinary,191
2021,Multidisciplinary,256
2020,Gastroenterology,44
2019,Gastroenterology,55
2018,Gastroenterology,29
2022,Gastroenterology,46
2023,Gastroenterology,31
2021,Gastroenterology,50
2020,Paleontology,9
2019,Paleontology,6
2018,Paleontology,6
2022,Paleontology,13
2023,Paleontology,23
2021,Paleontology,15
2020,Computer Networks and Communications,95
2019,Computer Networks and Communications,161
2018,Computer Networks and Communications,99
2022,Computer Networks and Communications,154
2023,Computer Networks and Communications,84
2021,Computer Networks and Communications,106
2020,Endocrine and Autonomic Systems,1
2019,Endocrine and Autonomic Systems,2
2018,Endocrine and Autonomic Systems,1
2022,Endocrine and Autonomic Systems,3
2023,Endocrine and Autonomic Systems,1
2021,Endocrine and Autonomic Systems,4
2020,Transplantation,8
2019,Transplantation,4
2018,Transplantation,3
2022,Transplantation,13
2023,Transplantation,9
2021,Transplantation,18
2020,Neuroscience (miscellaneous),1
2019,Neuroscience (miscellaneous),0
2018,Neuroscience (miscellaneous),0
2022,Neuroscience (miscellaneous),4
2023,Neuroscience (miscellaneous),1
2021,Neuroscience (miscellaneous),0
2020,Mathematical Physics,11
2019,Mathematical Physics,7
2018,Mathematical Physics,5
2022,Mathematical Physics,7
2023,Mathematical Physics,2
2021,Mathematical Physics,9
2020,Neuroscience (all),21
2019,Neuroscience (all),21
2018,Neuroscience (all),21
2022,Neuroscience (all),23
2023,Neuroscience (all),23
2021,Neuroscience (all),23
2020,Complementary and Alternative Medicine,22
2019,Complementary and Alternative Medicine,25
2018,Complementary and Alternative Medicine,25
2022,Complementary and Alternative Medicine,26
2023,Complementary and Alternative Medicine,22
2021,Complementary and Alternative Medicine,21
2020,Process Chemistry and Technology,47
2019,Process Chemistry and Technology,34
2018,Process Chemistry and Technology,30
2022,Process Chemistry and Technology,48
2023,Process Chemistry and Technology,30
2021,Process Chemistry and Technology,53
2020,"Radiology, Nuclear Medicine and Imaging",30
2019,"Radiology, Nuclear Medicine and Imaging",44
2018,"Radiology, Nuclear Medicine and Imaging",30
2022,"Radiology, Nuclear Medicine and Imaging",55
2023,"Radiology, Nuclear Medicine and Imaging",37
2021,"Radiology, Nuclear Medicine and Imaging",46
2020,Toxicology,19
2019,Toxicology,19
2018,Toxicology,20
2022,Toxicology,19
2023,Toxicology,11
2021,Toxicology,17
2020,Earth and Planetary Sciences (miscellaneous),9
2019,Earth and Planetary Sciences (miscellaneous),6
2018,Earth and Planetary Sciences (miscellaneous),2
2022,Earth and Planetary Sciences (miscellaneous),14
2023,Earth and Planetary Sciences (miscellaneous),10
2021,Earth and Planetary Sciences (miscellaneous),9
2020,Assessment and Diagnosis,0
2019,Assessment and Diagnosis,0
2018,Assessment and Diagnosis,1
2022,Assessment and Diagnosis,2
2023,Assessment and Diagnosis,0
2021,Assessment and Diagnosis,0
2020,Biochemistry,93
2019,Biochemistry,82
2018,Biochemistry,91
2022,Biochemistry,104
2023,Biochemistry,105
2021,Biochemistry,122
2020,Control and Systems Engineering,26
2019,Control and Systems Engineering,35
2018,Control and Systems Engineering,24
2022,Control and Systems Engineering,26
2023,Control and Systems Engineering,31
2021,Control and Systems Engineering,23
2020,Communication,5
2019,Communication,5
2018,Communication,10
2022,Communication,9
2023,Communication,8
2021,Communication,7
2020,Neuropsychology and Physiological Psychology,1
2019,Neuropsychology and Physiological Psychology,1
2018,Neuropsychology and Physiological Psychology,1
2022,Neuropsychology and Physiological Psychology,3
2023,Neuropsychology and Physiological Psychology,3
2021,Neuropsychology and Physiological Psychology,7
2020,Chiropractics,0
2019,Chiropractics,0
2018,Chiropractics,1
2022,Chiropractics,0
2023,Chiropractics,0
2021,Chiropractics,0
2020,Developmental Biology,4
2019,Developmental Biology,7
2018,Developmental Biology,12
2022,Developmental Biology,5
2023,Developmental Biology,5
2021,Developmental Biology,2
2020,Decision Sciences (miscellaneous),3
2019,Decision Sciences (miscellaneous),8
2018,Decision Sciences (miscellaneous),3
2022,Decision Sciences (miscellaneous),12
2023,Decision Sciences (miscellaneous),4
2021,Decision Sciences (miscellaneous),6
2020,Visual Arts and Performing Arts,7
2019,Visual Arts and Performing Arts,4
2018,Visual Arts and Performing Arts,2
2022,Visual Arts and Performing Arts,14
2023,Visual Arts and Performing Arts,9
2021,Visual Arts and Performing Arts,14
2020,Mathematics (all),28
2019,Mathematics (all),23
2018,Mathematics (all),24
2022,Mathematics (all),34
2023,Mathematics (all),21
2021,Mathematics (all),17
2020,Arts and Humanities (miscellaneous),9
2019,Arts and Humanities (miscellaneous),32
2018,Arts and Humanities (miscellaneous),1
2022,Arts and Humanities (miscellaneous),9
2023,Arts and Humanities (miscellaneous),17
2021,Arts and Humanities (miscellaneous),6
2020,Physiology (medical),16
2019,Physiology (medical),11
2018,Physiology (medical),11
2022,Physiology (medical),26
2023,Physiology (medical),15
2021,Physiology (medical),18
2020,Applied Psychology,7
2019,Applied Psychology,9
2018,Applied Psychology,4
2022,Applied Psychology,4
2023,Applied Psychology,7
2021,Applied Psychology,2
2020,Transportation,14
2019,Transportation,7
2018,Transportation,4
2022,Transportation,10
2023,Transportation,14
2021,Transportation,17
2020,History and Philosophy of Science,3
2019,History and Philosophy of Science,4
2018,History and Philosophy of Science,3
2022,History and Philosophy of Science,3
2023,History and Philosophy of Science,3
2021,History and Philosophy of Science,7
2020,Chemical Health and Safety,1
2019,Chemical Health and Safety,0
2018,Chemical Health and Safety,1
2022,Chemical Health and Safety,3
2023,Chemical Health and Safety,1
2021,Chemical Health and Safety,2
2020,Earth-Surface Processes,9
2019,Earth-Surface Processes,6
2018,Earth-Surface Processes,4
2022,Earth-Surface Processes,6
2023,Earth-Surface Processes,5
2021,Earth-Surface Processes,6
2020,Infectious Diseases,127
2019,Infectious Diseases,111
2018,Infectious Diseases,90
2022,Infectious Diseases,185
2023,Infectious Diseases,97
2021,Infectious Diseases,143
2020,Parasitology,30
2019,Parasitology,9
2018,Parasitology,21
2022,Parasitology,30
2023,Parasitology,10
2021,Parasitology,23
2020,Genetics (clinical),11
2019,Genetics (clinical),14
2018,Genetics (clinical),11
2022,Genetics (clinical),11
2023,Genetics (clinical),12
2021,Genetics (clinical),13
2020,Human-Computer Interaction,42
2019,Human-Computer Interaction,71
2018,Human-Computer Interaction,24
2022,Human-Computer Interaction,27
2023,Human-Computer Interaction,12
2021,Human-Computer Interaction,36
2020,Environmental Science (all),88
2019,Environmental Science (all),63
2018,Environmental Science (all),46
2022,Environmental Science (all),51
2023,Environmental Science (all),55
2021,Environmental Science (all),72
2020,Medicine (all),118
2019,Medicine (all),106
2018,Medicine (all),92
2022,Medicine (all),132
2023,Medicine (all),86
2021,Medicine (all),146
2020,Geriatrics and Gerontology,12
2019,Geriatrics and Gerontology,19
2018,Geriatrics and Gerontology,9
2022,Geriatrics and Gerontology,9
2023,Geriatrics and Gerontology,11
2021,Geriatrics and Gerontology,15
2020,Strategy and Management,30
2019,Strategy and Management,20
2018,Strategy and Management,32
2022,Strategy and Management,47
2023,Strategy and Management,42
2021,Strategy and Management,40
2020,Human Factors and Ergonomics,1
2019,Human Factors and Ergonomics,1
2018,Human Factors and Ergonomics,2
2022,Human Factors and Ergonomics,2
2023,Human Factors and Ergonomics,3
2021,Human Factors and Ergonomics,3
2020,Medical Laboratory Technology,3
2019,Medical Laboratory Technology,4
2018,Medical Laboratory Technology,3
2022,Medical Laboratory Technology,4
2023,Medical Laboratory Technology,7
2021,Medical Laboratory Technology,3
2020,"Pharmacology, Toxicology and Pharmaceutics (miscellaneous)",3
2019,"Pharmacology, Toxicology and Pharmaceutics (miscellaneous)",5
2018,"Pharmacology, Toxicology and Pharmaceutics (miscellaneous)",2
2022,"Pharmacology, Toxicology and Pharmaceutics (miscellaneous)",6
2023,"Pharmacology, Toxicology and Pharmaceutics (miscellaneous)",8
2021,"Pharmacology, Toxicology and Pharmaceutics (miscellaneous)",9
2020,Chemistry (all),145
2019,Chemistry (all),118
2018,Chemistry (all),137
2022,Chemistry (all),175
2023,Chemistry (all),132
2021,Chemistry (all),198
2020,Health Policy,34
2019,Health Policy,30
2018,Health Policy,63
2022,Health Policy,51
2023,Health Policy,35
2021,Health Policy,36
2020,Agricultural and Biological Sciences (miscellaneous),12
2019,Agricultural and Biological Sciences (miscellaneous),13
2018,Agricultural and Biological Sciences (miscellaneous),12
2022,Agricultural and Biological Sciences (miscellaneous),25
2023,Agricultural and Biological Sciences (miscellaneous),29
2021,Agricultural and Biological Sciences (miscellaneous),32
2020,Computational Mathematics,11
2019,Computational Mathematics,6
2018,Computational Mathematics,8
2022,Computational Mathematics,12
2023,Computational Mathematics,3
2021,Computational Mathematics,12
2020,Developmental and Educational Psychology,1
2019,Developmental and Educational Psychology,1
2018,Developmental and Educational Psychology,2
2022,Developmental and Educational Psychology,6
2023,Developmental and Educational Psychology,5
2021,Developmental and Educational Psychology,2
2020,Soil Science,22
2019,Soil Science,12
2018,Soil Science,12
2022,Soil Science,10
2023,Soil Science,13
2021,Soil Science,14
2020,Ecological Modeling,12
2019,Ecological Modeling,5
2018,Ecological Modeling,1
2022,Ecological Modeling,4
2023,Ecological Modeling,3
2021,Ecological Modeling,13
2020,Statistical and Nonlinear Physics,1
2019,Statistical and Nonlinear Physics,5
2018,Statistical and Nonlinear Physics,2
2022,Statistical and Nonlinear Physics,4
2023,Statistical and Nonlinear Physics,2
2021,Statistical and Nonlinear Physics,6
2020,Family Practice,0
2019,Family Practice,0
2018,Family Practice,0
2022,Family Practice,0
2023,Family Practice,1
2021,Family Practice,0
2020,Optometry,0
2019,Optometry,0
2018,Optometry,0
2022,Optometry,1
2023,Optometry,0
2021,Optometry,0
2020,Control and Optimization,30
2019,Control and Optimization,51
2018,Control and Optimization,24
2022,Control and Optimization,44
2023,Control and Optimization,36
2021,Control and Optimization,36
2020,Ocean Engineering,6
2019,Ocean Engineering,8
2018,Ocean Engineering,9
2022,Ocean Engineering,7
2023,Ocean Engineering,7
2021,Ocean Engineering,8
2020,Histology,11
2019,Histology,8
2018,Histology,6
2022,Histology,9
2023,Histology,7
2021,Histology,6
2020,Critical Care Nursing,0
2019,Critical Care Nursing,0
2018,Critical Care Nursing,0
2022,Critical Care Nursing,0
2023,Critical Care Nursing,1
2021,Critical Care Nursing,1
2020,Urology,7
2019,Urology,16
2018,Urology,13
2022,Urology,7
2023,Urology,5
2021,Urology,12
2020,Social Sciences (all),39
2019,Social Sciences (all),27
2018,Social Sciences (all),39
2022,Social Sciences (all),59
2023,Social Sciences (all),25
2021,Social Sciences (all),59
2020,Finance,16
2019,Finance,9
2018,Finance,8
2022,Finance,24
2023,Finance,21
2021,Finance,25
2020,Speech and Hearing,1
2019,Speech and Hearing,0
2018,Speech and Hearing,0
2022,Speech and Hearing,0
2023,Speech and Hearing,0
2021,Speech and Hearing,3
2020,Behavioral Neuroscience,4
2019,Behavioral Neuroscience,6
2018,Behavioral Neuroscience,7
2022,Behavioral Neuroscience,10
2023,Behavioral Neuroscience,6
2021,Behavioral Neuroscience,12
2020,Space and Planetary Science,20
2019,Space and Planetary Science,9
2018,Space and Planetary Science,13
2022,Space and Planetary Science,15
2023,Space and Planetary Science,5
2021,Space and Planetary Science,17
2020,Condensed Matter Physics,96
2019,Condensed Matter Physics,83
2018,Condensed Matter Physics,99
2022,Condensed Matter Physics,93
2023,Condensed Matter Physics,69
2021,Condensed Matter Physics,109
2020,Astronomy and Astrophysics,18
2019,Astronomy and Astrophysics,10
2018,Astronomy and Astrophysics,13
2022,Astronomy and Astrophysics,13
2023,Astronomy and Astrophysics,4
2021,Astronomy and Astrophysics,23
2020,"Safety, Risk, Reliability and Quality",29
2019,"Safety, Risk, Reliability and Quality",20
2018,"Safety, Risk, Reliability and Quality",38
2022,"Safety, Risk, Reliability and Quality",42
2023,"Safety, Risk, Reliability and Quality",26
2021,"Safety, Risk, Reliability and Quality",39
2020,Computer Vision and Pattern Recognition,50
2019,Computer Vision and Pattern Recognition,67
2018,Computer Vision and Pattern Recognition,52
2022,Computer Vision and Pattern Recognition,60
2023,Computer Vision and Pattern Recognition,51
2021,Computer Vision and Pattern Recognition,37
2020,Cardiology and Cardiovascular Medicine,23
2019,Cardiology and Cardiovascular Medicine,18
2018,Cardiology and Cardiovascular Medicine,20
2022,Cardiology and Cardiovascular Medicine,37
2023,Cardiology and Cardiovascular Medicine,31
2021,Cardiology and Cardiovascular Medicine,42
2020,Electrical and Electronic Engineering,126
2019,Electrical and Electronic Engineering,130
2018,Electrical and Electronic Engineering,86
2022,Electrical and Electronic Engineering,144
2023,Electrical and Electronic Engineering,94
2021,Electrical and Electronic Engineering,125
2020,Immunology and Microbiology (miscellaneous),7
2019,Immunology and Microbiology (miscellaneous),4
2018,Immunology and Microbiology (miscellaneous),2
2022,Immunology and Microbiology (miscellaneous),14
2023,Immunology and Microbiology (miscellaneous),10
2021,Immunology and Microbiology (miscellaneous),12
2020,Computers in Earth Sciences,0
2019,Computers in Earth Sciences,2
2018,Computers in Earth Sciences,1
2022,Computers in Earth Sciences,2
2023,Computers in Earth Sciences,3
2021,Computers in Earth Sciences,2
2020,Food Science,62
2019,Food Science,47
2018,Food Science,41
2022,Food Science,107
2023,Food Science,72
2021,Food Science,69
2020,Nuclear and High Energy Physics,68
2019,Nuclear and High Energy Physics,96
2018,Nuclear and High Energy Physics,115
2022,Nuclear and High Energy Physics,53
2023,Nuclear and High Energy Physics,27
2021,Nuclear and High Energy Physics,66
2020,Analytical Chemistry,64
2019,Analytical Chemistry,71
2018,Analytical Chemistry,68
2022,Analytical Chemistry,109
2023,Analytical Chemistry,72
2021,Analytical Chemistry,97
2020,Health (social science),16
2019,Health (social science),10
2018,Health (social science),17
2022,Health (social science),35
2023,Health (social science),21
2021,Health (social science),29
2020,Developmental Neuroscience,1
2019,Developmental Neuroscience,2
2018,Developmental Neuroscience,1
2022,Developmental Neuroscience,2
2023,Developmental Neuroscience,3
2021,Developmental Neuroscience,1
2020,Critical Care and Intensive Care Medicine,24
2019,Critical Care and Intensive Care Medicine,13
2018,Critical Care and Intensive Care Medicine,14
2022,Critical Care and Intensive Care Medicine,10
2023,Critical Care and Intensive Care Medicine,8
2021,Critical Care and Intensive Care Medicine,19
2020,Health Professions (all),2
2019,Health Professions (all),2
2018,Health Professions (all),0
2022,Health Professions (all),3
2023,Health Professions (all),0
2021,Health Professions (all),2
2020,"Geography, Planning and Development",40
2019,"Geography, Planning and Development",18
2018,"Geography, Planning and Development",14
2022,"Geography, Planning and Development",91
2023,"Geography, Planning and Development",49
2021,"Geography, Planning and Development",67
2020,Marketing,6
2019,Marketing,12
2018,Marketing,10
2022,Marketing,12
2023,Marketing,5
2021,Marketing,6
2020,Geochemistry and Petrology,10
2019,Geochemistry and Petrology,13
2018,Geochemistry and Petrology,13
2022,Geochemistry and Petrology,1
2023,Geochemistry and Petrology,8
2021,Geochemistry and Petrology,6
2020,Complementary and Manual Therapy,4
2019,Complementary and Manual Therapy,2
2018,Complementary and Manual Therapy,0
2022,Complementary and Manual Therapy,3
2023,Complementary and Manual Therapy,0
2021,Complementary and Manual Therapy,2
2020,Biomaterials,20
2019,Biomaterials,19
2018,Biomaterials,16
2022,Biomaterials,32
2023,Biomaterials,42
2021,Biomaterials,32
2020,Sociology and Political Science,23
2019,Sociology and Political Science,13
2018,Sociology and Political Science,18
2022,Sociology and Political Science,25
2023,Sociology and Political Science,16
2021,Sociology and Political Science,31
2020,Dental Assisting,0
2019,Dental Assisting,0
2018,Dental Assisting,0
2022,Dental Assisting,1
2023,Dental Assisting,0
2021,Dental Assisting,2
2020,Global and Planetary Change,9
2019,Global and Planetary Change,5
2018,Global and Planetary Change,9
2022,Global and Planetary Change,13
2023,Global and Planetary Change,4
2021,Global and Planetary Change,10
2020,Structural Biology,11
2019,Structural Biology,11
2018,Structural Biology,11
2022,Structural Biology,13
2023,Structural Biology,22
2021,Structural Biology,15
2020,Small Animals,6
2019,Small Animals,5
2018,Small Animals,6
2022,Small Animals,5
2023,Small Animals,4
2021,Small Animals,2
2020,Bioengineering,31
2019,Bioengineering,32
2018,Bioengineering,23
2022,Bioengineering,49
2023,Bioengineering,37
2021,Bioengineering,46
2020,Fundamentals and Skills,1
2019,Fundamentals and Skills,0
2018,Fundamentals and Skills,1
2022,Fundamentals and Skills,2
2023,Fundamentals and Skills,0
2021,Fundamentals and Skills,1
2020,"Economics, Econometrics and Finance (all)",38
2019,"Economics, Econometrics and Finance (all)",21
2018,"Economics, Econometrics and Finance (all)",14
2022,"Economics, Econometrics and Finance (all)",17
2023,"Economics, Econometrics and Finance (all)",27
2021,"Economics, Econometrics and Finance (all)",27
2020,Emergency Nursing,0
2019,Emergency Nursing,0
2018,Emergency Nursing,0
2022,Emergency Nursing,0
2023,Emergency Nursing,0
2021,Emergency Nursing,1
2020,Rehabilitation,13
2019,Rehabilitation,8
2018,Rehabilitation,5
2022,Rehabilitation,11
2023,Rehabilitation,6
2021,Rehabilitation,11
2020,Organic Chemistry,87
2019,Organic Chemistry,94
2018,Organic Chemistry,69
2022,Organic Chemistry,143
2023,Organic Chemistry,97
2021,Organic Chemistry,109
2020,Surgery,52
2019,Surgery,45
2018,Surgery,34
2022,Surgery,82
2023,Surgery,69
2021,Surgery,63
2020,Engineering (miscellaneous),44
2019,Engineering (miscellaneous),41
2018,Engineering (miscellaneous),35
2022,Engineering (miscellaneous),54
2023,Engineering (miscellaneous),26
2021,Engineering (miscellaneous),44
2020,Economics and Econometrics,49
2019,Economics and Econometrics,29
2018,Economics and Econometrics,23
2022,Economics and Econometrics,34
2023,Economics and Econometrics,24
2021,Economics and Econometrics,42
2020,Sensory Systems,2
2019,Sensory Systems,5
2018,Sensory Systems,5
2022,Sensory Systems,5
2023,Sensory Systems,3
2021,Sensory Systems,1
2020,Genetics,47
2019,Genetics,45
2018,Genetics,42
2022,Genetics,45
2023,Genetics,30
2021,Genetics,45
2020,Oncology,51
2019,Oncology,42
2018,Oncology,34
2022,Oncology,60
2023,Oncology,27
2021,Oncology,62
2020,Periodontics,6
2019,Periodontics,7
2018,Periodontics,5
2022,Periodontics,8
2023,Periodontics,2
2021,Periodontics,5
2020,"Economics, Econometrics and Finance (miscellaneous)",10
2019,"Economics, Econometrics and Finance (miscellaneous)",4
2018,"Economics, Econometrics and Finance (miscellaneous)",2
2022,"Economics, Econometrics and Finance (miscellaneous)",9
2023,"Economics, Econometrics and Finance (miscellaneous)",8
2021,"Economics, Econometrics and Finance (miscellaneous)",7
2020,Leadership and Management,2
2019,Leadership and Management,1
2018,Leadership and Management,1
2022,Leadership and Management,4
2023,Leadership and Management,5
2021,Leadership and Management,3
2020,Psychology (all),11
2019,Psychology (all),7
2018,Psychology (all),7
2022,Psychology (all),21
2023,Psychology (all),11
2021,Psychology (all),9
2020,Acoustics and Ultrasonics,2
2019,Acoustics and Ultrasonics,1
2018,Acoustics and Ultrasonics,0
2022,Acoustics and Ultrasonics,6
2023,Acoustics and Ultrasonics,1
2021,Acoustics and Ultrasonics,2
2020,Organizational Behavior and Human Resource Management,2
2019,Organizational Behavior and Human Resource Management,12
2018,Organizational Behavior and Human Resource Management,11
2022,Organizational Behavior and Human Resource Management,11
2023,Organizational Behavior and Human Resource Management,4
2021,Organizational Behavior and Human Resource Management,5
2020,Environmental Engineering,68
2019,Environmental Engineering,50
2018,Environmental Engineering,47
2022,Environmental Engineering,80
2023,Environmental Engineering,56
2021,Environmental Engineering,68
2020,Forestry,9
2019,Forestry,4
2018,Forestry,4
2022,Forestry,5
2023,Forestry,6
2021,Forestry,7
2020,Education,59
2019,Education,62
2018,Education,28
2022,Education,81
2023,Education,60
2021,Education,71
2020,Biophysics,13
2019,Biophysics,18
2018,Biophysics,25
2022,Biophysics,19
2023,Biophysics,15
2021,Biophysics,20
2020,Dentistry (all),33
2019,Dentistry (all),32
2018,Dentistry (all),39
2022,Dentistry (all),68
2023,Dentistry (all),68
2021,Dentistry (all),56
2020,Economic Geology,1
2019,Economic Geology,1
2018,Economic Geology,0
2022,Economic Geology,0
2023,Economic Geology,0
2021,Economic Geology,1
2020,Research and Theory,1
2019,Research and Theory,0
2018,Research and Theory,0
2022,Research and Theory,0
2023,Research and Theory,1
2021,Research and Theory,1
2020,Museology,1
2019,Museology,0
2018,Museology,0
2022,Museology,0
2023,Museology,0
2021,Museology,0
2020,Artificial Intelligence,60
2019,Artificial Intelligence,78
2018,Artificial Intelligence,72
2022,Artificial Intelligence,102
2023,Artificial Intelligence,86
2021,Artificial Intelligence,77
2020,Gender Studies,0
2019,Gender Studies,0
2018,Gender Studies,0
2022,Gender Studies,2
2023,Gender Studies,2
2021,Gender Studies,0
2020,Care Planning,1
2019,Care Planning,0
2018,Care Planning,0
2022,Care Planning,0
2023,Care Planning,0
2021,Care Planning,1
